{
  "users": [
    {
      "id": 43,
      "name": "Amit"
    },
    {
      "id": 29,
      "name": "Ninja"
    },
    {
      "id": 57,
      "name": "Adam"
    },
    {
      "id": 46,
      "name": "Amit Yadav"
    },
    {
      "id": 47,
      "name": "Test User1"
    },
    {
      "id": 97,
      "name": "Test User2"
    },
    {
      "id": 24,
      "name": "Daniel"
    },
    {
      "id": 70,
      "name": "Ashish Sharma"
    },
    {
      "id": 1,
      "name": "Virat Kohli"
    },
    {
      "id": 59,
      "name": "235346534"
    },
    {
      "id": 44,
      "name": "346346"
    },
    {
      "id": 75,
      "name": "Hello"
    },
    {
      "id": 76,
      "name": "rti"
    },
    {
      "id": 50,
      "name": "ninja45"
    },
    {
      "id": 6,
      "name": "sandy"
    },
    {
      "id": 10,
      "name": "saladin453"
    },
    {
      "id": 79,
      "name": "Rohit M"
    },
    {
      "id": 69,
      "name": "Amogh65"
    }
  ]
}